[
    {
        "pk": 1, 
        "model": "tree.question", 
        "fields": {
            "text": "What is your favourite fruit?",
			"max_choices":"1",
            "error_response": "Please specify one of Apple, Mango, Pear. "
        }
    }, 
    {
        "pk": 2, 
        "model": "tree.question", 
        "fields": {
            "text": "Of these vegetables, which is your favourite? Carrot, Tomato, Lettuce, Spinach",
			"max_choices":"1", 
            "error_response": "Please specify one of: Carrot, Tomato, Lettuce, Spinach"
        }
    }, 
    {
        "pk": 3, 
        "model": "tree.question", 
        "fields": {
            "text": "What is your favourite drink? Please specify one of: lime, kiwi, ginger.",
			"max_choices":"1", 
            "error_response": "That is not a drink. Please specify one of: lime, kiwi, ginger."
        }
    }, 
    {
        "pk": 1, 
        "model": "tree.tree", 
        "fields": {
            "root_state": 1, 
            "trigger": "food", 
            "completion_text": "Thank you for sharing your dietary preferences."
        }
    }, 
    {
        "pk": 1, 
        "model": "tree.answer", 
        "fields": {
            "answer": "Apple", 
            "code": "apple" 
        }
    }, 
    {
        "pk": 2, 
        "model": "tree.answer", 
        "fields": {
            "answer": "Mango", 
            "code": "mango"
        }
    }, 
    {
        "pk": 3, 
        "model": "tree.answer", 
        "fields": {
            "answer": "Carrot", 
            "code": "carrot"
        }
    }, 
    {
        "pk": 4, 
        "model": "tree.answer", 
        "fields": {
            "answer": "Tomato",
            "code": "tomato"
        }
    }, 
    {
        "pk": 5, 
        "model": "tree.answer", 
        "fields": {
            "answer": "Lime", 
            "code": "lime" 
        }
    }, 
    {
        "pk": 6, 
        "model": "tree.answer", 
        "fields": {
            "answer": "Kiwi", 
            "code": "kiwi"
        }
    }, 
    {
        "pk": 7, 
        "model": "tree.answer", 
        "fields": {
            "answer": "Pear", 
            "code": "pear" 
        }
    }, 
    {
        "pk": 8, 
        "model": "tree.answer", 
        "fields": {
            "answer": "Lettuce", 
            "code": "lettuce" 
        }
    }, 
    {
        "pk": 9, 
        "model": "tree.answer", 
        "fields": {
            "answer": "Spinach", 
            "code": "spinach" 
        }
    }, 
    {
        "pk": 10, 
        "model": "tree.answer", 
        "fields": {
            "answer": "Ginger", 
            "code": "ginger" 
        }
    }, 
    {
        "pk": 1, 
        "model": "tree.treestate", 
        "fields": {
            "num_retries": 3, 
            "question": 1, 
            "name": "default"
        }
    }, 
    {
        "pk": 2, 
        "model": "tree.treestate", 
        "fields": {
            "num_retries": 3, 
            "question": 2, 
            "name": "Vegetable"
        }
    }, 
    {
        "pk": 3, 
        "model": "tree.treestate", 
        "fields": {
            "num_retries": 3, 
            "question": 3, 
            "name": "Juice"
        }
    }, 
    {
        "pk": 1, 
        "model": "tree.transition", 
        "fields": {
            "answer": 2, 
            "current_state": 1, 
            "next_state": 2
        }
    }, 
    {
        "pk": 2, 
        "model": "tree.transition", 
        "fields": {
            "answer": 1, 
            "current_state": 1, 
            "next_state": 2
        }
    }, 
    {
        "pk": 3, 
        "model": "tree.transition", 
        "fields": {
            "answer": 3, 
            "current_state": 2, 
            "next_state": 3
        }
    }, 
    {
        "pk": 4, 
        "model": "tree.transition", 
        "fields": {
            "answer": 4, 
            "current_state": 2, 
            "next_state": 3
        }
    }, 
    {
        "pk": 5, 
        "model": "tree.transition", 
        "fields": {
            "answer": 5, 
            "current_state": 3, 
            "next_state": null
        }
    }, 
    {
        "pk": 6, 
        "model": "tree.transition", 
        "fields": {
            "answer": 6, 
            "current_state": 3, 
            "next_state": null
        }
    }, 
    {
        "pk": 7, 
        "model": "tree.transition", 
        "fields": {
            "answer": 7, 
            "current_state": 1, 
            "next_state": 2
        }
    }, 
    {
        "pk": 8, 
        "model": "tree.transition", 
        "fields": {
            "answer": 8, 
            "current_state": 2, 
            "next_state": 3
        }
    }, 
    {
        "pk": 9, 
        "model": "tree.transition", 
        "fields": {
            "answer": 9, 
            "current_state": 3, 
            "next_state": null
        }
    }, 
    {
        "pk": 10, 
        "model": "tree.transition", 
        "fields": {
            "answer": 10, 
            "current_state": 3, 
            "next_state": null
        }
    },
    {
        "pk": 100, 
        "model": "internationalization.translation", 
        "fields": {
            "translation": "\u0637\u0639\u0627\u0645", 
            "code": "food", 
            "language": 2
        }
    }, 
    {
        "pk": 101, 
        "model": "internationalization.translation", 
        "fields": {
            "translation": "\u0645\u0627 \u0647\u064a \u0627\u0644\u0641\u0627\u0643\u0647\u0629 \u0627\u0644\u0645\u0641\u0636\u0644\u0629 \u0644\u062f\u064a\u0643\u061f", 
            "code": "What is your favourite fruit?", 
            "language": 2
        }
    }, 
    {
        "pk": 102, 
        "model": "internationalization.translation", 
        "fields": {
            "translation": "\u0634\u0643\u0631\u0627\u064b \u0644\u0643 \u0644\u0645\u0634\u0627\u0631\u0643\u062a\u0643 \u0645\u0639\u0646\u0627 \u0628\u0627\u0644\u0623\u063a\u0630\u064a\u0629 \u0627\u0644\u0645\u0641\u0636\u0644\u0629 \u0644\u062f\u064a\u0643.", 
            "code": "Thank you for sharing your dietary preferences.", 
            "language": 2
        }
    }, 
    {
        "pk": 103, 
        "model": "internationalization.translation", 
        "fields": {
            "translation": "\u0645\u0627 \u0647\u064a \u0627\u0644\u062e\u0636\u0631\u0627\u0648\u0627\u062a \u0627\u0644\u0645\u0641\u0636\u0644\u0629 \u0627\u0644\u064a\u0643 \u061f \u062c\u0632\u0631, \u0637\u0645\u0627\u0637\u0645, \u062e\u0633, \u0633\u0628\u0627\u0646\u062e", 
            "code": "Of these vegetables, which is your favourite? Carrot, Tomato, Lettuce, Spinach", 
            "language": 2
        }
    }, 
    {
        "pk": 104, 
        "model": "internationalization.translation", 
        "fields": {
            "translation": "\u0627\u0644\u0631\u062c\u0627\u0621 \u0625\u062e\u062a\u064a\u0627\u0631 : \u062c\u0632\u0631, \u0637\u0645\u0627\u0637\u0645, \u062e\u0633, \u0633\u0628\u0627\u0646\u062e", 
            "code": "Please specify one of: Carrot, Tomato, Lettuce, Spinach", 
            "language": 2
        }
    }, 
    {
        "pk": 105, 
        "model": "internationalization.translation", 
        "fields": {
            "translation": "\u0645\u0627 \u0647\u0648 \u0639\u0635\u064a\u0631\u0643 \u0627\u0644\u0645\u0641\u0636\u0644\u061f \u0627\u0644\u0631\u062c\u0627\u0621 \u0625\u062e\u062a\u064a\u0627\u0631 : \u0644\u064a\u0645\u0648\u0646, \u0643\u064a\u0648\u064a, \u0632\u0646\u062c\u0628\u064a\u0644", 
            "code": "What is your favourite drink? Please specify one of: lime, kiwi, ginger.", 
            "language": 2
        }
    }, 
    {
        "pk": 106, 
        "model": "internationalization.translation", 
        "fields": {
            "translation": "\u0647\u0630\u0627 \u0644\u064a\u0633 \u0639\u0635\u064a\u0631, \u0627\u0644\u0631\u062c\u0627\u0621 \u0625\u062e\u062a\u064a\u0627\u0631: \u0644\u064a\u0645\u0648\u0646, \u0643\u064a\u0648\u064a, \u0632\u0646\u062c\u0628\u064a\u0644", 
            "code": "That is not a drink. Please specify one of: lime, kiwi, ginger.", 
            "language": 2
        }
    }, 
    {
        "pk": 107, 
        "model": "internationalization.translation", 
        "fields": {
            "translation": "\u0632\u0646\u062c\u0628\u064a\u0644", 
            "code": "ginger", 
            "language": 2
        }
    }, 
    {
        "pk": 108, 
        "model": "internationalization.translation", 
        "fields": {
            "translation": "\u0633\u0628\u0627\u0646\u062e", 
            "code": "spinach", 
            "language": 2
        }
    }, 
    {
        "pk": 109, 
        "model": "internationalization.translation", 
        "fields": {
            "translation": "\u062e\u0633", 
            "code": "lettuce", 
            "language": 2
        }
    }, 
    {
        "pk": 110, 
        "model": "internationalization.translation", 
        "fields": {
            "translation": "\u0625\u062c\u0627\u0635", 
            "code": "pear", 
            "language": 2
        }
    }, 
    {
        "pk": 111, 
        "model": "internationalization.translation", 
        "fields": {
            "translation": "\u0643\u064a\u0648\u064a", 
            "code": "kiwi", 
            "language": 2
        }
    }, 
    {
        "pk": 112, 
        "model": "internationalization.translation", 
        "fields": {
            "translation": "\u0644\u064a\u0645\u0648\u0646", 
            "code": "lime", 
            "language": 2
        }
    }, 
    {
        "pk": 113, 
        "model": "internationalization.translation", 
        "fields": {
            "translation": "\u0637\u0645\u0627\u0637\u0645", 
            "code": "tomato", 
            "language": 2
        }
    }, 
    {
        "pk": 114, 
        "model": "internationalization.translation", 
        "fields": {
            "translation": "\u062c\u0632\u0631", 
            "code": "carrot", 
            "language": 2
        }
    }, 
    {
        "pk": 115, 
        "model": "internationalization.translation", 
        "fields": {
            "translation": "\u0645\u0646\u062c\u0627", 
            "code": "mango", 
            "language": 2
        }
    }, 
    {
        "pk": 116, 
        "model": "internationalization.translation", 
        "fields": {
            "translation": "\u062a\u0641\u0627\u062d", 
            "code": "apple", 
            "language": 2
        }
    }
]
