[
    {
        "pk": 1,
        "model": "auth.user",
        "fields": {
            "username": "a",
            "first_name": "",
            "last_name": "",
            "is_active": true,
            "is_superuser": true,
            "is_staff": true,
            "last_login": "2010-01-12 10:25:50",
            "groups": [],
            "user_permissions": [],
            "password": "sha1$74d04$0bc2a24e24715690fa11c9926623259293c5057a",
            "email": "p@p.com",
            "date_joined": "2010-01-12 10:25:30"
        }
    },
    {
        "pk": 1,
        "model": "poll.question",
        "fields": {
            "text": "I feel happy",
            "helper_text": "(Choose a,b,c or d.)",
            "error_response": "Placeholder error for question number 1. Please re-send.",
            "max_choices": 1,
            "next_question": 2,
            "is_first": true
        }
    },
    {
        "pk": 2,
        "model": "poll.question",
        "fields": {
            "max_choices": 3,
            "text": "The three things I need most are",
            "helper_text": "(Prioritize your first, second, and third.)",
            "error_response": "Placeholder error for question number 2. Please re-send.",
            "next_question": 3
        }
    },
    {
        "pk": 3,
        "model": "poll.question",
        "fields": {
            "max_choices": 1,
            "text": "Compared to my parents, my life in the future will be",
            "helper_text": "(Choose a,b,c or d.)",
            "error_response": "Placeholder error for question number 3. Please re-send."
        }
    },
    {
        "pk": 1,
        "model": "poll.questionnaire",
        "fields": {
            "trigger": "poll",
            "max_retries":3
        }
    },
    {
        "pk": 1,
        "model": "poll.color",
        "fields": {
            "file_name": "orange_dot.png",
            "code": "#B6470A"
        }

    },
    {
        "pk": 2,
        "model": "poll.color",
        "fields":{
            "file_name": "green_dot.png",
            "code": "#75B907"
        }

    },
    {
        "pk": 3,
        "model": "poll.color",
        "fields": {
            "file_name": "mauve_dot.png",
            "code": "#AB0BB5"
        }

    },
    {
        "pk": 4,
        "model": "poll.color",
        "fields":{
            "file_name": "blue_dot.png",
            "code": "#075CB9"
        }

    },
    {
        "pk": 5,
        "model": "poll.color",
        "fields":{
            "file_name": "grey_dot.png",
            "code": "#FAAFBE"
        }

    },
    {
        "pk":"1",
        "model": "poll.category",
        "fields":{
            "name": "Always",
            "color": 2
        }
    },
    {
        "pk":"2",
        "model": "poll.category",
        "fields":{
            "name": "Most of the time",
            "color": 3
        }
    },
    {
        "pk":"3",
        "model": "poll.category",
        "fields":{
            "name": "Rarely",
            "color": 1
        }
    },
    {
        "pk":"4",
        "model": "poll.category",
        "fields":{
            "name": "Never",
            "color": 4
        }
    },
    {
        "pk":"5",
        "model": "poll.category",
        "fields":{
            "name": "Better",
            "color": 2
        }
    },
    {
        "pk":"6",
        "model": "poll.category",
        "fields":{
            "name": "About the same",
            "color": 3
        }
    },
    {
        "pk":"7",
        "model": "poll.category",
        "fields":{
            "name": "Worse",
            "color": 1
        }
    },
    {
        "pk":"8",
        "model": "poll.category",
        "fields":{
            "name": "I don't know",
            "color": 4
        }
    },
    {
        "pk":"9",
        "model": "poll.category",
        "fields":{
            "name": "Security",
            "color": 2
        }
    },
    {
        "pk":"10",
        "model": "poll.category",
        "fields":{
            "name": "Education",
            "color": 3
        }
    },
    {
        "pk":"11",
        "model": "poll.category",
        "fields":{
            "name": "Social Environment",
            "color": 1
        }
    },
    {
        "pk":"12",
        "model": "poll.category",
        "fields":{
            "name": "Food water and shelter",
            "color": 4
        }
    },
    {
        "pk": 1,
        "model": "poll.demographicparser",
        "fields": {
            "regex": "m|f|male|female",
            "questionnaire": 1,
            "type": "c",
            "name": "gender",
            "order": 2
        }
    },
    {
        "pk": 2,
        "model": "poll.demographicparser",
        "fields": {
            "regex": "[0-9]+",
            "questionnaire": 1,
            "type": "i",
            "name": "age",
            "order": 1
        }
    },
    {
        "pk": 1,
        "model": "poll.choice",
        "fields": {
            "code": "a",
            "text": "Always",
            "question":1,
            "category": 1
        }
    },
    {
        "pk": 2,
        "model": "poll.choice",
        "fields": {
            "code": "b",
            "text": "Most of the time",
            "question":1,
            "category": 2
        }
    },
    {
        "pk": 3,
        "model": "poll.choice",
        "fields": {
            "code": "c",
            "text": "Rarely",
            "question":1,
            "category": 3
        }
    },
    {
        "pk": 4,
        "model": "poll.choice",
        "fields": {
            "code": "d",
            "text": "Never",
            "question":1,
            "category": 4
        }
    },
    {
        "pk": 5,
        "model": "poll.choice",
        "fields": {
            "code": "a",
            "text": "Peace and Security",
            "question":2,
            "category": 9
        }
    },
    {
        "pk": 6,
        "model": "poll.choice",
        "fields": {
            "code": "b",
            "text": "Go to school regularly",
            "question":2,
            "category": 10
        }
    },
    {
        "pk": 7,
        "model": "poll.choice",
        "fields": {
            "code": "c",
            "text": "Health care when sick",
            "question":2,
            "category": 11
        }
    },
    {
        "pk": 8,
        "model": "poll.choice",
        "fields": {
            "code": "d",
            "text": "Clean neighbourhood",
            "question":2,
            "category": 11
        }
    },
    {
        "pk": 9,
        "model": "poll.choice",
        "fields": {
            "code": "e",
            "text": "Clean drinking water",
            "question":2,
            "category": 12
        }
    },
    {
        "pk": 10,
        "model": "poll.choice",
        "fields": {
            "code": "f",
            "text": "Enough food",
            "question":2,
            "category":12
        }
    },
    {
        "pk": 11,
        "model": "poll.choice",
        "fields": {
            "code": "g",
            "text": "Be loved",
            "question":2,
            "category": 11
        }
    },
    {
        "pk": 12,
        "model": "poll.choice",
        "fields": {
            "code": "h",
            "text": "Not have to work",
            "question":2,
            "category": 11
        }
    },
    {
        "pk": 13,
        "model": "poll.choice",
        "fields": {
            "code": "i",
            "text": "Be listened to",
            "question":2,
            "category": 11
        }
    },
    {
        "pk": 14,
        "model": "poll.choice",
        "fields": {
            "code": "j",
            "text": "A place to play",
            "question":2,
            "category":11
        }
    },
    {
        "pk": 15,
        "model": "poll.choice",
        "fields": {
            "code": "k",
            "text": "Family and friends to be safe",
            "question":2,
            "category": 9
        }
    },
    {
        "pk": 16,
        "model": "poll.choice",
        "fields": {
            "code": "l",
            "text": "Others",
            "question":2,
            "category": 9
        }
    },
    {
        "pk": 17,
        "model": "poll.choice",
        "fields": {
            "code": "a",
            "text": "Better",
            "question":3,
            "category": 5
        }
    },
    {
        "pk": 18,
        "model": "poll.choice",
        "fields": {
            "code": "b",
            "text": "About the same",
            "question":3,
            "category": 6
        }
    },
    {
        "pk": 19,
        "model": "poll.choice",
        "fields": {
            "code": "c",
            "text": "Worse",
            "question":3,
            "category": 7
        }
    },
    {
        "pk": 20,
        "model": "poll.choice",
        "fields": {
            "code": "d",
            "text": "I don't know",
            "question":3,
            "category": 8
        }
    }

]
