[
    {
        "pk": 1,
        "model": "tree.question",
        "fields": {
            "max_choices": 1,
            "text": "I feel happy: a) Always; b) Most of the time; c) Rarely; d) Never. Choose a,b,c or d.",
            "error_response": "Placeholder error for question number 1. Please re-send."
        }
    },
    {
        "pk": 2,
        "model": "tree.question",
        "fields": {
            "max_choices": 3,
            "text": "The three things I need most are: (Prioritize your first, second, and third.)",
            "error_response": "Placeholder error for question number 2. Please re-send."
        }
    },
    {
        "pk": 3,
        "model": "tree.question",
        "fields": {
            "max_choices": 1,
            "text": "Compared to my parents, my life in the future will be: a) Better; b) About the same; c) Worse; d) I don't know. Choose a,b,c or d.",
            "error_response": "Placeholder error for question number 3. Please re-send."
        }
    },
    {
        "pk": 1,
        "model": "tree.tree",
        "fields": {
            "root_state": 1,
            "trigger": "poll",
            "completion_text": "Thank you for participating in the poll."
        }
    },
    {
        "pk": 1,
        "model": "tree.answer",
        "fields": {
            "answer": "Always",
            "code": "a"
        }
    },
    {
        "pk": 2,
        "model": "tree.answer",
        "fields": {
            "answer": "Most of the time",
            "code": "b"
        }
    },
    {
        "pk": 3,
        "model": "tree.answer",
        "fields": {
            "answer": "Rarely",
            "code": "c"
        }
    },
    {
        "pk": 4,
        "model": "tree.answer",
        "fields": {
            "answer": "Never",
            "code": "d"
        }
    },
    {
        "pk": 5,
        "model": "tree.answer",
        "fields": {
            "answer": "Peace and Security",
            "code": "a"
        }
    },
    {
        "pk": 6,
        "model": "tree.answer",
        "fields": {
            "answer": "Go to school regularly",
            "code": "b"
        }
    },
    {
        "pk": 7,
        "model": "tree.answer",
        "fields": {
            "answer": "Health care when sick",
            "code": "c"
        }
    },
    {
        "pk": 8,
        "model": "tree.answer",
        "fields": {
            "answer": "Clean neighbourhood",
            "code": "d"
        }
    },
    {
        "pk": 9,
        "model": "tree.answer",
        "fields": {
            "answer": "Clean drinking water",
            "code": "e"
        }
    },
    {
        "pk": 10,
        "model": "tree.answer",
        "fields": {
            "answer": "Enough food",
            "code": "f"
        }
    },
    {
        "pk": 11,
        "model": "tree.answer",
        "fields": {
            "answer": "Be loved",
            "code": "g"
        }
    },
    {
        "pk": 12,
        "model": "tree.answer",
        "fields": {
            "answer": "Not have to work",
            "code": "h"
        }
    },
    {
        "pk": 13,
        "model": "tree.answer",
        "fields": {
            "answer": "Be listened to",
            "code": "i"
        }
    },
    {
        "pk": 14,
        "model": "tree.answer",
        "fields": {
            "answer": "A place to play",
            "code": "j"
        }
    },
    {
        "pk": 15,
        "model": "tree.answer",
        "fields": {
            "answer": "Family and friends to be safe",
            "code": "k"
        }
    },
    {
        "pk": 16,
        "model": "tree.answer",
        "fields": {
            "answer": "Other (open text response)",
            "code": "l"
        }
    },
    {
        "pk": 17,
        "model": "tree.answer",
        "fields": {
            "answer": "Better",
            "code": "a"
        }
    },
    {
        "pk": 18,
        "model": "tree.answer",
        "fields": {
            "answer": "About the same",
            "code": "b"
        }
    },
    {
        "pk": 19,
        "model": "tree.answer",
        "fields": {
            "answer": "Worse",
            "code": "c"
        }
    },
    {
        "pk": 20,
        "model": "tree.answer",
        "fields": {
            "answer": "I Don\u2019t know",
            "code": "d"
        }
    },
    {
        "pk": 1,
        "model": "tree.treestate",
        "fields": {
            "num_retries": 3,
            "question": 1,
            "name": "default"
        }
    },
    {
        "pk": 2,
        "model": "tree.treestate",
        "fields": {
            "num_retries": 3,
            "question": 2,
            "name": "three things"
        }
    },
    {
        "pk": 3,
        "model": "tree.treestate",
        "fields": {
            "num_retries": 3,
            "question": 3,
            "name": "life"
        }
    },
    {
        "pk": 1,
        "model": "tree.transition",
        "fields": {
            "answer": 1,
            "current_state": 1,
            "next_state": 2
        }
    },
    {
        "pk": 2,
        "model": "tree.transition",
        "fields": {
            "answer": 2,
            "current_state": 1,
            "next_state": 2
        }
    },
    {
        "pk": 3,
        "model": "tree.transition",
        "fields": {
            "answer": 3,
            "current_state": 1,
            "next_state": 2
        }
    },
    {
        "pk": 4,
        "model": "tree.transition",
        "fields": {
            "answer": 4,
            "current_state": 1,
            "next_state": 2
        }
    },
    {
        "pk": 5,
        "model": "tree.transition",
        "fields": {
            "answer": 5,
            "current_state": 2,
            "next_state": 3
        }
    },
    {
        "pk": 6,
        "model": "tree.transition",
        "fields": {
            "answer": 6,
            "current_state": 2,
            "next_state": 3
        }
    },
    {
        "pk": 7,
        "model": "tree.transition",
        "fields": {
            "answer": 7,
            "current_state": 2,
            "next_state": 3
        }
    },
    {
        "pk": 8,
        "model": "tree.transition",
        "fields": {
            "answer": 8,
            "current_state": 2,
            "next_state": 3
        }
    },
    {
        "pk": 9,
        "model": "tree.transition",
        "fields": {
            "answer": 9,
            "current_state": 2,
            "next_state": 3
        }
    },
    {
        "pk": 10,
        "model": "tree.transition",
        "fields": {
            "answer": 10,
            "current_state": 2,
            "next_state": 3
        }
    },
    {
        "pk": 11,
        "model": "tree.transition",
        "fields": {
            "answer": 11,
            "current_state": 2,
            "next_state": 3
        }
    },
    {
        "pk": 12,
        "model": "tree.transition",
        "fields": {
            "answer": 12,
            "current_state": 2,
            "next_state": 3
        }
    },
    {
        "pk": 13,
        "model": "tree.transition",
        "fields": {
            "answer": 13,
            "current_state": 2,
            "next_state": 3
        }
    },
    {
        "pk": 14,
        "model": "tree.transition",
        "fields": {
            "answer": 14,
            "current_state": 2,
            "next_state": 3
        }
    },
    {
        "pk": 15,
        "model": "tree.transition",
        "fields": {
            "answer": 15,
            "current_state": 2,
            "next_state": 3
        }
    },
    {
        "pk": 16,
        "model": "tree.transition",
        "fields": {
            "answer": 16,
            "current_state": 2,
            "next_state": 3
        }
    },
    {
        "pk": 17,
        "model": "tree.transition",
        "fields": {
            "answer": 17,
            "current_state": 3,
            "next_state": null
        }
    },
    {
        "pk": 18,
        "model": "tree.transition",
        "fields": {
            "answer": 18,
            "current_state": 3,
            "next_state": null
        }
    },
    {
        "pk": 19,
        "model": "tree.transition",
        "fields": {
            "answer": 19,
            "current_state": 3,
            "next_state": null
        }
    },
    {
        "pk": 20,
        "model": "tree.transition",
        "fields": {
            "answer": 20,
            "current_state": 3,
            "next_state": null
        }
    },
    {
        "pk": 100, 
        "model": "internationalization.translation", 
        "fields": {
            "translation": "\u062apoll",
            "code": "poll", 
            "language": 2
        }
    },
    {
        "pk": 101, 
        "model": "internationalization.translation", 
        "fields": {
            "translation": "\u062aI feel happy: a) Always; b) Most of the time; c) Rarely; d) Never. Choose a,b,c or d.", 
            "code": "I feel happy: a) Always; b) Most of the time; c) Rarely; d) Never. Choose a,b,c or d.", 
            "language": 2
        }
    }, 
    {
        "pk": 102, 
        "model": "internationalization.translation", 
        "fields": {
            "translation": "\u062aThank you for sharing your dietary preferences.", 
            "code": "Thank you for sharing your dietary preferences.", 
            "language": 2
        }
    }, 
    {
        "pk": 103, 
        "model": "internationalization.translation", 
        "fields": {
            "translation": "\u062aOf these vegetables, which is your favourite? Carrot, Tomato, Lettuce, Spinach", 
            "code": "Of these vegetables, which is your favourite? Carrot, Tomato, Lettuce, Spinach", 
            "language": 2
        }
    }, 
    {
        "pk": 104, 
        "model": "internationalization.translation", 
        "fields": {
            "translation": "\u062aPlease specify one of: Carrot, Tomato, Lettuce, Spinach", 
            "code": "Please specify one of: Carrot, Tomato, Lettuce, Spinach", 
            "language": 2
        }
    }, 
    {
        "pk": 105, 
        "model": "internationalization.translation", 
        "fields": {
            "translation": "\u062aWhat is your favourite drink? Please specify one of: lime, kiwi, ginger.", 
            "code": "What is your favourite drink? Please specify one of: lime, kiwi, ginger.", 
            "language": 2
        }
    }, 
    {
        "pk": 106, 
        "model": "internationalization.translation", 
        "fields": {
            "translation": "\u062aThat is not a drink. Please specify one of: lime, kiwi, ginger.", 
            "code": "That is not a drink. Please specify one of: lime, kiwi, ginger.", 
            "language": 2
        }
    },
    {
        "pk": 107, 
        "model": "internationalization.translation", 
        "fields": {
            "translation": "\u062aginger", 
            "code": "ginger", 
            "language": 2
        }
    }, 
    {
        "pk": 108, 
        "model": "internationalization.translation", 
        "fields": {
            "translation": "\u062aspinach", 
            "code": "spinach", 
            "language": 2
        }
    }, 
    {
        "pk": 109, 
        "model": "internationalization.translation", 
        "fields": {
            "translation": "\u062alettuce", 
            "code": "lettuce", 
            "language": 2
        }
    }, 
    {
        "pk": 110, 
        "model": "internationalization.translation", 
        "fields": {
            "translation": "\u062apear", 
            "code": "pear", 
            "language": 2
        }
    }, 
    {
        "pk": 111, 
        "model": "internationalization.translation", 
        "fields": {
            "translation": "\u062akiwi", 
            "code": "kiwi", 
            "language": 2
        }
    }, 
    {
        "pk": 112, 
        "model": "internationalization.translation", 
        "fields": {
            "translation": "\u062alime", 
            "code": "lime", 
            "language": 2
        }
    }, 
    {
        "pk": 113, 
        "model": "internationalization.translation", 
        "fields": {
            "translation": "\u062atomato", 
            "code": "tomato", 
            "language": 2
        }
    }, 
    {
        "pk": 114, 
        "model": "internationalization.translation", 
        "fields": {
            "translation": "\u062acarrot", 
            "code": "carrot", 
            "language": 2
        }
    }, 
    {
        "pk": 115, 
        "model": "internationalization.translation", 
        "fields": {
            "translation": "\u062amango", 
            "code": "mango", 
            "language": 2
        }
    }, 
    {
        "pk": 116, 
        "model": "internationalization.translation", 
        "fields": {
            "translation": "\u062aapple", 
            "code": "apple", 
            "language": 2
        }
    }
]
