[
    {
        "pk": 1,
        "model": "reporters.persistantbackend",
        "fields": {
            "slug": "foo",
            "title": "foo"
        }
    },
    {
        "pk": 1,
        "model": "reporters.persistantconnection",
        "fields": {
            "last_seen": null,
            "reporter": null,
            "is_bot": false,
            "identity": "foo",
            "backend": 1
        }
    },    
    {
        "pk": 2,
        "model": "reporters.persistantconnection",
        "fields": {
            "last_seen": null,
            "reporter": null,
            "is_bot": false,
            "identity": "bar",
            "backend": 1
        }
    },    
	{
        "pk": 1,
        "model": "poll.user",
        "fields": {
            "gender": "M",
            "connection": 1,
            "age": 12,
			"governorate":5,
			"district":1
        }
    },
		{
        "pk": 2,
        "model": "poll.user",
        "fields": {
            "gender": "M",
            "connection": 2,
            "age": 12,
			"governorate":7,
			"district":2
        }
    },
    {
        "pk": 1,
        "model": "poll.userresponse",
        "fields": {
            "question": 1,
            "user": 1,
            "choice": 1
        }
    },
    {
        "pk": 2,
        "model": "poll.userresponse",
        "fields": {
            "question": 3,
            "user": 1,
            "choice": 1
        }
    },
    {
        "pk": 3,
        "model": "poll.userresponse",
        "fields": {
            "question": 1,
            "user": 1,
            "choice": 1
        }
    },
    {
        "pk": 4,
        "model": "poll.userresponse",
        "fields": {
            "question": 3,
            "user": 1,
            "choice": 2
        }
    },
    {
        "pk": 5,
        "model": "poll.userresponse",
        "fields": {
            "question": 1,
            "user": 1,
            "choice": 2
        }
    },
    {
        "pk": 6,
        "model": "poll.userresponse",
        "fields": {
            "question": 3,
            "user": 1,
            "choice": 2
        }
    },
    {
        "pk": 7,
        "model": "poll.userresponse",
        "fields": {
            "question": 1,
            "user": 1,
            "choice": 2
        }
    },
    {
        "pk": 8,
        "model": "poll.userresponse",
        "fields": {
            "question": 3,
            "user": 1,
            "choice": 1
        }
    },
    {
        "pk": 9,
        "model": "poll.userresponse",
        "fields": {
            "question": 1,
            "user": 1,
            "choice": 1
        }
    },
    {
        "pk": 10,
        "model": "poll.userresponse",
        "fields": {
            "question": 3,
            "user": 1,
            "choice": 2
        }
    },
    {
        "pk": 11,
        "model": "poll.userresponse",
        "fields": {
            "question": 1,
            "user": 1,
            "choice": 1
        }
    },
    {
        "pk": 12,
        "model": "poll.userresponse",
        "fields": {
            "question": 1,
            "user": 1,
            "choice": 2
        }
    },
    {
        "pk": 13,
        "model": "poll.userresponse",
        "fields": {
            "question": 1,
            "user": 1,
            "choice": 2
        }
    },
    {
        "pk": 14,
        "model": "poll.userresponse",
        "fields": {
            "question": 1,
            "user": 1,
            "choice": 4
        }
    },
    {
        "pk": 15,
        "model": "poll.userresponse",
        "fields": {
            "question": 1,
            "user": 1,
            "choice": 3
        }
    },
    {
        "pk": 16,
        "model": "poll.userresponse",
        "fields": {
            "question": 1,
            "user": 1,
            "choice": 1
        }
    },
    {
        "pk": 17,
        "model": "poll.userresponse",
        "fields": {
            "question": 1,
            "user": 1,
            "choice": 3
        }
    },
    {
        "pk": 18,
        "model": "poll.userresponse",
        "fields": {
            "question": 1,
            "user": 1,
            "choice": 3
        }
    },
    {
        "pk": 19,
        "model": "poll.userresponse",
        "fields": {
            "question": 1,
            "user": 1,
            "choice": 3
        }
    },
    {
        "pk": 20,
        "model": "poll.userresponse",
        "fields": {
            "question": 1,
            "user": 1,
            "choice": 3
        }
    },
    {
        "pk": 21,
        "model": "poll.userresponse",
        "fields": {
            "question": 1,
            "user": 1,
            "choice": 1
        }
    },
    {
        "pk": 22,
        "model": "poll.userresponse",
        "fields": {
            "question": 1,
            "user": 1,
            "choice": 4
        }
    },
    {
        "pk": 23,
        "model": "poll.userresponse",
        "fields": {
            "question": 1,
            "user": 1,
            "choice": 4
        }
    },
    {
        "pk": 24,
        "model": "poll.userresponse",
        "fields": {
            "question": 3,
            "user": 1,
            "choice": 4
        }
    },
    {
        "pk": 24,
        "model": "poll.userresponse",
        "fields": {
            "question": 1,
            "user": 2,
            "choice": 3
        }
    },
    {
        "pk": 25,
        "model": "poll.userresponse",
        "fields": {
            "question": 1,
            "user": 2,
            "choice": 2
        }
    },
    {
        "pk": 26,
        "model": "poll.userresponse",
        "fields": {
            "question": 1,
            "user": 2,
            "choice": 2
        }
    },
    {
        "pk": 27,
        "model": "poll.userresponse",
        "fields": {
            "question": 3,
            "user": 2,
            "choice": 2
        }
    },
    {
        "pk": 28,
        "model": "poll.userresponse",
        "fields": {
            "question": 1,
            "user": 2,
            "choice": 2
        }
    },
    {
        "pk": 28,
        "model": "poll.userresponse",
        "fields": {
            "question": 3,
            "user": 2,
            "choice": 2
        }
    },
    {
        "pk": 29,
        "model": "poll.userresponse",
        "fields": {
            "question": 1,
            "user": 2,
            "choice": 2
        }
    },
    {
        "pk": 30,
        "model": "poll.userresponse",
        "fields": {
            "question": 3,
            "user": 2,
            "choice": 1
        }
    },
    {
        "pk": 31,
        "model": "poll.userresponse",
        "fields": {
            "question": 1,
            "user": 2,
            "choice": 1
        }
    },
    {
        "pk": 32,
        "model": "poll.userresponse",
        "fields": {
            "question": 3,
            "user": 2,
            "choice": 2
        }
    },
    {
        "pk": 33,
        "model": "poll.userresponse",
        "fields": {
            "question": 1,
            "user": 2,
            "choice": 2
        }
    },
    {
        "pk": 34,
        "model": "poll.userresponse",
        "fields": {
            "question": 1,
            "user": 2,
            "choice": 2
        }
    },
    {
        "pk": 35,
        "model": "poll.userresponse",
        "fields": {
            "question": 1,
            "user": 2,
            "choice": 2
        }
    },
    {
        "pk": 36,
        "model": "poll.userresponse",
        "fields": {
            "question": 1,
            "user": 2,
            "choice": 2
        }
    },
    {
        "pk": 37,
        "model": "poll.userresponse",
        "fields": {
            "question": 1,
            "user": 2,
            "choice": 3
        }
    },
    {
        "pk": 38,
        "model": "poll.userresponse",
        "fields": {
            "question": 1,
            "user": 2,
            "choice": 2
        }
    },
    {
        "pk": 39,
        "model": "poll.userresponse",
        "fields": {
            "question": 1,
            "user": 2,
            "choice": 3
        }
    },
    {
        "pk": 40,
        "model": "poll.userresponse",
        "fields": {
            "question": 1,
            "user": 2,
            "choice": 3
        }
    },
    {
        "pk": 41,
        "model": "poll.userresponse",
        "fields": {
            "question": 1,
            "user": 2,
            "choice": 3
        }
    },
    {
        "pk": 42,
        "model": "poll.userresponse",
        "fields": {
            "question": 1,
            "user": 2,
            "choice": 3
        }
    },
    {
        "pk": 43,
        "model": "poll.userresponse",
        "fields": {
            "question": 1,
            "user": 2,
            "choice": 2
        }
    },
    {
        "pk": 44,
        "model": "poll.userresponse",
        "fields": {
            "question": 1,
            "user": 2,
            "choice": 2
        }
    },
    {
        "pk": 45,
        "model": "poll.userresponse",
        "fields": {
            "question": 1,
            "user": 2,
            "choice": 2
        }
    },
    {
        "pk": 46,
        "model": "poll.userresponse",
        "fields": {
            "question": 1,
            "user": 2,
            "choice": 2
        }
    },
    {
        "pk": 47,
        "model": "poll.userresponse",
        "fields": {
            "question": 1,
            "user": 2,
            "choice": 2
        }
    },
    {
        "pk": 48,
        "model": "poll.userresponse",
        "fields": {
            "question": 1,
            "user": 2,
            "choice": 2
        }
    },
    {
        "pk": 49,
        "model": "poll.userresponse",
        "fields": {
            "question": 1,
            "user": 2,
            "choice": 2
        }
    },
    {
        "pk": 50,
        "model": "poll.userresponse",
        "fields": {
            "question": 1,
            "user": 2,
            "choice": 2
        }
    },
    {
        "pk": 51,
        "model": "poll.userresponse",
        "fields": {
            "question": 1,
            "user": 2,
            "choice": 2
        }
    },
    {
        "pk": 52,
        "model": "poll.userresponse",
        "fields": {
            "question": 1,
            "user": 2,
            "choice": 2
        }
    },
    {
        "pk": 53,
        "model": "poll.userresponse",
        "fields": {
            "question": 1,
            "user": 2,
            "choice": 2
        }
    },
    {
        "pk": 54,
        "model": "poll.userresponse",
        "fields": {
            "question": 1,
            "user": 2,
            "choice": 2
        }
    },
    {
        "pk": 55,
        "model": "poll.userresponse",
        "fields": {
            "question": 1,
            "user": 2,
            "choice": 2
        }
    },
    {
        "pk": 56,
        "model": "poll.userresponse",
        "fields": {
            "question": 1,
            "user": 2,
            "choice": 2
        }
    },
    {
        "pk": 57,
        "model": "poll.userresponse",
        "fields": {
            "question": 2,
            "user": 2,
            "choice": 15
        }
    },
    {
        "pk": 58,
        "model": "poll.userresponse",
        "fields": {
            "question": 2,
            "user": 2,
            "choice": 15
        }
    },
    {
        "pk": 59,
        "model": "poll.userresponse",
        "fields": {
            "question": 2,
            "user": 2,
            "choice": 14
        }
    },
    {
        "pk": 60,
        "model": "poll.userresponse",
        "fields": {
            "question": 2,
            "user": 2,
            "choice": 13
        }
    },
    {
        "pk": 61,
        "model": "poll.userresponse",
        "fields": {
            "question": 2,
            "user": 2,
            "choice": 12
        }
    },
    {
        "pk": 62,
        "model": "poll.userresponse",
        "fields": {
            "question": 2,
            "user": 1,
            "choice": 15
        }
    },
    {
        "pk": 63,
        "model": "poll.userresponse",
        "fields": {
            "question": 2,
            "user": 1,
            "choice": 14
        }
    },
    {
        "pk": 64,
        "model": "poll.userresponse",
        "fields": {
            "question": 2,
            "user": 1,
            "choice": 13
        }
    }
]
